Year,AnnualConsumption(Millions of Gallons)
1995,119400.0
1996,121294.0
1997,122898.0
1998,126525.0
1999,129244.0
2000,130233.0
2001,131992.0
2002,135637.0
2003,136972.0
2004,139968.0
2005,140412.0
2006,141841.0
2007,142349.0
2008,138182.0
2009,137917.0
2010,137857.0
2011,134180.0
2012,133463.0
2013,135563.0
2014,136757.0
2015,140704.0
2016,143222.0
2017,142976.0
2018,143013.0
2019,142712.0
2020,123733.0
2021,135145.0
